<?xml version="1.0" encoding="ISO-8859-1"?>
<metadata>
	<idinfo>
		<citation>
			<citeinfo>
				<origin>Planning</origin>
				<pubdate>20070614</pubdate>
				<title Sync="TRUE">neighborhood_2000</title>
				<geoform Sync="TRUE">vector digital data</geoform>
				<onlink>\\Balt-gis01-srv\geodev\geomaster\Master_Geodatabases\EGIS_Master_GDB.gdb</onlink>
				<ftname Sync="TRUE">neighborhood_2000</ftname></citeinfo>
		</citation>
		<descript>
			<abstract>This feature class represents the boundaries of Baltimore City neighborhoods.</abstract>
			<purpose>To show the locations of Baltimore City neighborhoods.</purpose>
			<langdata Sync="TRUE">en</langdata></descript>
		<timeperd>
			<timeinfo>
				<sngdate>
					<caldate>20070614</caldate>
				</sngdate>
			</timeinfo>
			<current>publication date</current>
		</timeperd>
		<status>
			<progress>Complete</progress>
			<update>As needed</update>
		</status>
		<spdom>
			<bounding>
				<westbc Sync="TRUE">-76.712095</westbc>
				<eastbc Sync="TRUE">-76.528950</eastbc>
				<northbc Sync="TRUE">39.372558</northbc>
				<southbc Sync="TRUE">39.197157</southbc>
			</bounding>
			<lboundng><leftbc Sync="TRUE">1393926.784012</leftbc><rightbc Sync="TRUE">1445502.986962</rightbc><bottombc Sync="TRUE">557733.624942</bottombc><topbc Sync="TRUE">621406.812556</topbc></lboundng></spdom>
		<keywords>
			<theme>
				<themekt>NONE</themekt>
				<themekey>Boundary</themekey>
			</theme>
			<place>
				<placekey>Baltimore City, MD</placekey>
			</place>
		</keywords>
		<accconst>Contact MOIT Enterprise Geographic Information Services for access constraints.  410-396-4106</accconst>
		<useconst>THE CITY OF  BALTIMORE MAKES NO REPRESENTATIONS NOR WARRANTIES, EITHER EXPRESSED OR IMPLIED, REGARDING THE ACCURACY OF INFORMATION CONTAINED ON THIS MAP OR ITS SUITABILITY FOR ANY PARTICULAR PURPOSE WHATSOEVER.  THE MAP IS SOLD AND/OR PROVIDED "AS IS" AND THE CITY OF BALTIMORE WILL NOT BE LIABLE FOR ITS USE OR MISUSE BY ANY PARTY.</useconst>
		<native Sync="TRUE">Microsoft Windows XP Version 5.1 (Build 2600) Service Pack 3; ESRI ArcCatalog 9.3.1.3000</native>
		<natvform Sync="TRUE">Shapefile</natvform></idinfo>
	<dataqual>
		<lineage>
			<procstep>
				<procdesc>EGIS Standard:  Place an explanation of the event and related parameters or tolerances here.</procdesc>
			</procstep>
			<procstep>
				<procdesc>Metadata imported.</procdesc>
				<srcused>N:\EGIS\Data_Organization_2007\Docs\EGIS metadata template.sgml</srcused>
			</procstep>
			<procstep>
				<procdesc>Metadata imported.</procdesc>
				<srcused>C:\DOCUME~1\MATT~1.HOG\LOCALS~1\Temp\xml25F.tmp</srcused>
			</procstep>
			<procstep><procdesc Sync="TRUE">Metadata imported.</procdesc><srcused Sync="TRUE">C:\Temp\xml207.tmp</srcused><date Sync="TRUE">20071218</date><time Sync="TRUE">11102400</time></procstep><procstep><procdesc Sync="TRUE">Metadata imported.</procdesc><srcused Sync="TRUE">N:\geomaster\Master_Geodatabases\Metadata\Boundary\neighborhood_2000.shp.xml</srcused><date Sync="TRUE">20081007</date><time Sync="TRUE">15001200</time></procstep><procstep><procdesc Sync="TRUE">Dataset copied.</procdesc><srcused Sync="TRUE">\\Balt-gis01-srv\geodev\geomaster\Master_Geodatabases\EGIS_Master_GDB.gdb</srcused><date Sync="TRUE">20081023</date><time Sync="TRUE">12391200</time></procstep><procstep><procdesc Sync="TRUE">Dataset copied.</procdesc><srcused Sync="TRUE">\\Balt-gis01-srv\geodev\geomaster\Master_Geodatabases\EGIS_Archive.gdb</srcused><date Sync="TRUE">20081023</date><time Sync="TRUE">16331300</time></procstep></lineage>
	</dataqual>
	<spdoinfo>
		<direct Sync="TRUE">Vector</direct>
		<ptvctinf>
			<sdtsterm Name="neighborhood_2000">
				<sdtstype Sync="TRUE">G-polygon</sdtstype>
				<ptvctcnt Sync="TRUE">0</ptvctcnt>
			</sdtsterm>
			<esriterm Name="neighborhood_2000"><efeatyp Sync="TRUE">Simple</efeatyp><efeageom Sync="TRUE">Polygon</efeageom><esritopo Sync="TRUE">FALSE</esritopo><efeacnt Sync="TRUE">0</efeacnt><spindex Sync="TRUE">FALSE</spindex><linrefer Sync="TRUE">FALSE</linrefer></esriterm></ptvctinf>
	</spdoinfo>
	<spref>
		<horizsys>
			<planar>
				<planci>
					<plance Sync="TRUE">coordinate pair</plance>
					<coordrep>
						<absres Sync="TRUE">0.000000</absres>
						<ordres Sync="TRUE">0.000000</ordres>
					</coordrep>
					<plandu Sync="TRUE">survey feet</plandu>
				</planci>
				<mapproj><mapprojn Sync="TRUE">Lambert Conformal Conic</mapprojn><lambertc><stdparll Sync="TRUE">38.300000</stdparll><stdparll Sync="TRUE">39.450000</stdparll><longcm Sync="TRUE">-77.000000</longcm><latprjo Sync="TRUE">37.666667</latprjo><feast Sync="TRUE">1312333.333333</feast><fnorth Sync="TRUE">0.000000</fnorth></lambertc></mapproj></planar>
			<geodetic>
				<horizdn Sync="TRUE">North American Datum of 1983</horizdn>
				<ellips Sync="TRUE">Geodetic Reference System 80</ellips>
				<semiaxis Sync="TRUE">6378137.000000</semiaxis>
				<denflat Sync="TRUE">298.257222</denflat>
			</geodetic>
			<cordsysn><geogcsn Sync="TRUE">GCS_North_American_1983</geogcsn><projcsn Sync="TRUE">NAD_1983_StatePlane_Maryland_FIPS_1900_Feet</projcsn></cordsysn></horizsys>
		<vertdef>
			<altsys>
				<altres>0.000100</altres>
				<altenc>Explicit elevation coordinate included with horizontal coordinates</altenc>
			</altsys>
		</vertdef>
	</spref>
	<eainfo>
		<detailed Name="neighborhood_2000">
			<enttyp>
				<enttypl Sync="TRUE">neighborhood_2000</enttypl>
				<enttypt Sync="TRUE">Feature Class</enttypt><enttypc Sync="TRUE">0</enttypc></enttyp>
			<attr><attrlabl Sync="TRUE">FID</attrlabl><attalias Sync="TRUE">FID</attalias><attrtype Sync="TRUE">OID</attrtype><attwidth Sync="TRUE">4</attwidth><atprecis Sync="TRUE">0</atprecis><attscale Sync="TRUE">0</attscale><attrdef Sync="TRUE">Internal feature number.</attrdef><attrdefs Sync="TRUE">ESRI</attrdefs><attrdomv><udom Sync="TRUE">Sequential unique whole numbers that are automatically generated.</udom></attrdomv></attr><attr>
				<attrlabl>Shape</attrlabl>
				<attrdef>Feature geometry.</attrdef>
				<attrdefs>ESRI</attrdefs>
				<attrdomv>
					<udom>Coordinates defining the features.</udom>
				</attrdomv>
				<attalias Sync="TRUE">Shape</attalias><attrtype Sync="TRUE">Geometry</attrtype><attwidth Sync="TRUE">0</attwidth><atprecis Sync="TRUE">0</atprecis><attscale Sync="TRUE">0</attscale></attr>
			<attr>
				<attrlabl>NBRDESC</attrlabl>
				<attalias Sync="TRUE">NBRDESC</attalias><attrtype Sync="TRUE">String</attrtype><attwidth Sync="TRUE">35</attwidth></attr>
			<attr>
				<attrlabl>TOT_POP</attrlabl>
				<attrtype Sync="TRUE">Number</attrtype><attwidth Sync="TRUE">9</attwidth><attalias Sync="TRUE">TOT_POP</attalias></attr>
			<attr>
				<attrlabl>ACRES</attrlabl>
				<attrtype Sync="TRUE">Float</attrtype><attwidth Sync="TRUE">19</attwidth><attalias Sync="TRUE">ACRES</attalias></attr>
			<attr>
				<attrlabl>AREA_FT</attrlabl>
				<attrtype Sync="TRUE">Float</attrtype><attwidth Sync="TRUE">19</attwidth><attalias Sync="TRUE">AREA_FT</attalias></attr>
			<attr>
				<attrlabl>LABEL</attrlabl>
				<attrtype Sync="TRUE">String</attrtype><attwidth Sync="TRUE">64</attwidth><attalias Sync="TRUE">LABEL</attalias></attr>
			<attr>
				<attrlabl>CEN_BLKS</attrlabl>
				<attrtype Sync="TRUE">Float</attrtype><attwidth Sync="TRUE">19</attwidth><attalias Sync="TRUE">CEN_BLKS</attalias></attr>
			<attr>
				<attrlabl>COLOR_2</attrlabl>
				<attrtype Sync="TRUE">Number</attrtype><attwidth Sync="TRUE">4</attwidth><attalias Sync="TRUE">COLOR_2</attalias></attr>
			<attr>
				<attrlabl>PNTPOLYCNT</attrlabl>
				<attrtype Sync="TRUE">Number</attrtype><attwidth Sync="TRUE">9</attwidth><attalias Sync="TRUE">PNTPOLYCNT</attalias></attr>
			<attr>
				<attrlabl>ID</attrlabl>
				<attrtype Sync="TRUE">Number</attrtype><attwidth Sync="TRUE">9</attwidth><attalias Sync="TRUE">ID</attalias></attr>
			<attr>
				<attrlabl>TYPOLOGY</attrlabl>
				<attrtype Sync="TRUE">String</attrtype><attwidth Sync="TRUE">32</attwidth><attalias Sync="TRUE">TYPOLOGY</attalias></attr>
			<attr><attrlabl Sync="TRUE">Shape_Leng</attrlabl><attalias Sync="TRUE">Shape_Leng</attalias><attrtype Sync="TRUE">Float</attrtype><attwidth Sync="TRUE">19</attwidth></attr><attr>
				<attrlabl>Shape_Area</attrlabl>
				<attrdef>Area of feature in internal units squared.</attrdef>
				<attrdefs>ESRI</attrdefs>
				<attrdomv>
					<udom>Positive real numbers that are automatically generated.</udom>
				</attrdomv>
				<attrtype Sync="TRUE">Float</attrtype><attwidth Sync="TRUE">19</attwidth><attalias Sync="TRUE">Shape_Area</attalias><atnumdec Sync="TRUE">11</atnumdec></attr>
		</detailed>
		<detailed Name="Anno_55_197">
			<enttyp>
				<enttypl>Anno_55_197</enttypl>
				<enttypt Sync="TRUE">Relationship</enttypt></enttyp>
			<attr><attrtype/></attr><attr><attwidth/></attr><attr><attrtype/></attr><attr><attwidth Sync="TRUE">9</attwidth></attr><attr><attrtype Sync="TRUE">Float</attrtype><attwidth Sync="TRUE">19</attwidth><atnumdec Sync="TRUE">11</atnumdec></attr><attr><attrtype Sync="TRUE">Float</attrtype><attwidth Sync="TRUE">19</attwidth><atnumdec Sync="TRUE">11</atnumdec></attr><attr><attrtype Sync="TRUE">String</attrtype><attwidth Sync="TRUE">64</attwidth></attr><attr><attrtype Sync="TRUE">Float</attrtype><attwidth Sync="TRUE">19</attwidth><atnumdec Sync="TRUE">11</atnumdec></attr><attr><attrtype Sync="TRUE">Number</attrtype><attwidth Sync="TRUE">4</attwidth></attr><attr><attrtype Sync="TRUE">Number</attrtype><attwidth Sync="TRUE">9</attwidth></attr><attr><attrtype Sync="TRUE">Number</attrtype><attwidth Sync="TRUE">9</attwidth></attr><attr/><attr><attrtype Sync="TRUE">Float</attrtype><attwidth Sync="TRUE">19</attwidth><atnumdec Sync="TRUE">11</atnumdec></attr><attr><atnumdec Sync="TRUE">11</atnumdec></attr></detailed>
	</eainfo>
	<distinfo>
		<distrib>
			<cntinfo>
				<cntorgp>
					<cntorg>EGIS</cntorg>
				</cntorgp>
				<cntvoice>410 396 4106</cntvoice>
				<cntfax>410 625 8707</cntfax>
				<cntemail>bill.ballard@baltimorecity.gov</cntemail>
			</cntinfo>
		</distrib>
		<resdesc>Downloadable Data</resdesc>
		<stdorder>
			<digform>
				<digtinfo>
					<transize>0.000</transize>
					<dssize Sync="TRUE">0.000</dssize></digtinfo>
			</digform>
		</stdorder>
	</distinfo>
	<metainfo>
		<metd Sync="TRUE">20090924</metd>
		<metc>
			<cntinfo>
				<cntorgp>
					<cntorg>REQUIRED: The organization responsible for the metadata information.</cntorg>
					<cntper>REQUIRED: The person responsible for the metadata information.</cntper>
				</cntorgp>
				<cntaddr>
					<addrtype>REQUIRED: The mailing and/or physical address for the organization or individual.</addrtype>
					<city>REQUIRED: The city of the address.</city>
					<state>REQUIRED: The state or province of the address.</state>
					<postal>REQUIRED: The ZIP or other postal code of the address.</postal>
				</cntaddr>
				<cntvoice>REQUIRED: The telephone number by which individuals can speak to the organization or individual.</cntvoice>
			</cntinfo>
		</metc>
		<metstdn Sync="TRUE">FGDC Content Standards for Digital Geospatial Metadata</metstdn>
		<metstdv Sync="TRUE">FGDC-STD-001-1998</metstdv>
		<mettc Sync="TRUE">local time</mettc>
		<metextns>
			<onlink>http://www.esri.com/metadata/esriprof80.html</onlink>
			<metprof>ESRI Metadata Profile</metprof>
		</metextns>
		<metextns>
			<onlink>http://www.esri.com/metadata/esriprof80.html</onlink>
			<metprof>ESRI Metadata Profile</metprof>
		</metextns>
		<metextns>
			<onlink>http://www.esri.com/metadata/esriprof80.html</onlink>
			<metprof>ESRI Metadata Profile</metprof>
		</metextns>
		<langmeta Sync="TRUE">en</langmeta><metextns><onlink Sync="TRUE">http://www.esri.com/metadata/esriprof80.html</onlink><metprof Sync="TRUE">ESRI Metadata Profile</metprof></metextns></metainfo>
	<Esri><CreaDate>20110321</CreaDate><CreaTime>08401000</CreaTime><SyncOnce>FALSE</SyncOnce><SyncDate>20090924</SyncDate><SyncTime>15293900</SyncTime><ModDate>20090924</ModDate><ModTime>15293900</ModTime><DataProperties><lineage><Process ToolSource="C:\Program Files\ArcGIS\ArcToolbox\Toolboxes\Conversion Tools.tbx\FeatureClassToFeatureClass" Date="20090924" Time="152941">FeatureClassToFeatureClass N:\geomaster\Master_Geodatabases\EGIS_Master_GDB.gdb\Boundary\neighborhood_2000 M:\geodata\shape\Boundary neighborhood_2000.shp # "NBRDESC 'NBRDESC' true true false 35 Text 0 0 ,First,#,N:\geomaster\Master_Geodatabases\EGIS_Master_GDB.gdb\Boundary\neighborhood_2000,NBRDESC,-1,-1;TOT_POP 'TOT_POP' true true false 4 Long 0 0 ,First,#,N:\geomaster\Master_Geodatabases\EGIS_Master_GDB.gdb\Boundary\neighborhood_2000,TOT_POP,-1,-1;ACRES 'ACRES' true true false 8 Double 0 0 ,First,#,N:\geomaster\Master_Geodatabases\EGIS_Master_GDB.gdb\Boundary\neighborhood_2000,ACRES,-1,-1;AREA_FT 'AREA_FT' true true false 8 Double 0 0 ,First,#,N:\geomaster\Master_Geodatabases\EGIS_Master_GDB.gdb\Boundary\neighborhood_2000,AREA_FT,-1,-1;LABEL 'LABEL' true true false 64 Text 0 0 ,First,#,N:\geomaster\Master_Geodatabases\EGIS_Master_GDB.gdb\Boundary\neighborhood_2000,LABEL,-1,-1;CEN_BLKS 'CEN_BLKS' true true false 8 Double 0 0 ,First,#,N:\geomaster\Master_Geodatabases\EGIS_Master_GDB.gdb\Boundary\neighborhood_2000,CEN_BLKS,-1,-1;COLOR_2 'COLOR_2' true true false 2 Short 0 0 ,First,#,N:\geomaster\Master_Geodatabases\EGIS_Master_GDB.gdb\Boundary\neighborhood_2000,COLOR_2,-1,-1;ID 'ID' true true false 4 Long 0 0 ,First,#,N:\geomaster\Master_Geodatabases\EGIS_Master_GDB.gdb\Boundary\neighborhood_2000,ID,-1,-1;TYPOLOGY 'TYPOLOGY' true true false 32 Text 0 0 ,First,#,N:\geomaster\Master_Geodatabases\EGIS_Master_GDB.gdb\Boundary\neighborhood_2000,TYPOLOGY,-1,-1;PNTPOLYCNT 'PNTPOLYCNT' true true false 4 Long 0 0 ,First,#,N:\geomaster\Master_Geodatabases\EGIS_Master_GDB.gdb\Boundary\neighborhood_2000,PNTPOLYCNT,-1,-1;Shape_Leng 'Shape_Length' false true true 8 Double 0 0 ,First,#,N:\geomaster\Master_Geodatabases\EGIS_Master_GDB.gdb\Boundary\neighborhood_2000,Shape_Length,-1,-1;Shape_Area 'Shape_Area' false true true 8 Double 0 0 ,First,#,N:\geomaster\Master_Geodatabases\EGIS_Master_GDB.gdb\Boundary\neighborhood_2000,Shape_Area,-1,-1" # M:\geodata\shape\Boundary\neighborhood_2000.shp</Process><Process ToolSource="C:\Program Files\ArcGIS\Desktop10.0\ArcToolbox\Toolboxes\Data Management Tools.tbx\CalculateField" Date="20110523" Time="163609">CalculateField nhood_2010 LABEL "Patterson Park Neighborhood" VB #</Process><Process ToolSource="C:\Program Files\ArcGIS\Desktop10.0\ArcToolbox\Toolboxes\Data Management Tools.tbx\CalculateField" Date="20110523" Time="163627">CalculateField nhood_2010 NBRDESC "PATTERSON PARK NEIGHBORHOOD" VB #</Process></lineage><itemProps><itemLocation><linkage Sync="TRUE">file://\\plan-file-srv\geoshare\Projdata\Census\2010\Neighborhood Changes\neighborhood_2000</linkage><protocol Sync="TRUE">Local Area Network</protocol></itemLocation></itemProps><copyHistory><copy source="Z:\shape\Boundary\neighborhood_2000" dest="\\plan-file-srv\geoshare\Projdata\Census\2010\Neighborhood Changes\neighborhood_2000" date="20110321" time="08401000"></copy></copyHistory></DataProperties><ArcGISFormat>1.0</ArcGISFormat></Esri><dataIdInfo><envirDesc Sync="TRUE">Microsoft Windows XP Version 5.1 (Build 2600) Service Pack 3; ESRI ArcCatalog 9.3.1.3000</envirDesc><dataLang><languageCode Sync="TRUE" value="en"></languageCode></dataLang><idCitation><resTitle Sync="TRUE">neighborhood_2000</resTitle><presForm><PresFormCd Sync="TRUE" value="005"></PresFormCd></presForm></idCitation><spatRpType><SpatRepTypCd Sync="TRUE" value="001"></SpatRepTypCd></spatRpType><dataExt><geoEle><GeoBndBox esriExtentType="native"><westBL Sync="TRUE">1393926.784012</westBL><eastBL Sync="TRUE">1445502.986962</eastBL><northBL Sync="TRUE">621406.812556</northBL><southBL Sync="TRUE">557733.624942</southBL><exTypeCode Sync="TRUE">1</exTypeCode></GeoBndBox></geoEle></dataExt><geoBox esriExtentType="decdegrees"><westBL Sync="TRUE">-76.712095</westBL><eastBL Sync="TRUE">-76.52895</eastBL><northBL Sync="TRUE">39.372558</northBL><southBL Sync="TRUE">39.197157</southBL><exTypeCode Sync="TRUE">1</exTypeCode></geoBox></dataIdInfo><mdLang><languageCode Sync="TRUE" value="en"></languageCode></mdLang><mdStanName Sync="TRUE">ISO 19115 Geographic Information - Metadata</mdStanName><mdStanVer Sync="TRUE">DIS_ESRI1.0</mdStanVer><mdChar><CharSetCd Sync="TRUE" value="004"></CharSetCd></mdChar><mdHrLv><ScopeCd Sync="TRUE" value="005"></ScopeCd></mdHrLv><mdHrLvName Sync="TRUE">dataset</mdHrLvName><distInfo><distributor><distorTran><onLineSrc><orDesc Sync="TRUE">002</orDesc><linkage Sync="TRUE">file://\\Balt-apps01-srv\Geoshare\geodata\shape\Boundary\neighborhood_2000.shp</linkage><protocol Sync="TRUE">Local Area Network</protocol></onLineSrc><transSize Sync="TRUE">0.000</transSize></distorTran><distorFormat><formatName Sync="TRUE">Shapefile</formatName></distorFormat></distributor></distInfo><refSysInfo><RefSystem><refSysID><identCode Sync="TRUE">NAD_1983_StatePlane_Maryland_FIPS_1900_Feet</identCode></refSysID></RefSystem></refSysInfo><spatRepInfo><VectSpatRep><topLvl><TopoLevCd Sync="TRUE" value="001"></TopoLevCd></topLvl><geometObjs Name="neighborhood_2000"><geoObjTyp><GeoObjTypCd Sync="TRUE" value="001"></GeoObjTypCd></geoObjTyp><geoObjCnt Sync="TRUE">0</geoObjCnt></geometObjs></VectSpatRep></spatRepInfo><mdDateSt Sync="TRUE">20090924</mdDateSt></metadata>
