<?xml version="1.0"?>
<!--<!DOCTYPE metadata SYSTEM "http://www.esri.com/metadata/esriprof80.dtd">-->
<metadata xml:lang="en"><Esri><CreaDate>20100907</CreaDate><CreaTime>10324400</CreaTime><SyncOnce>TRUE</SyncOnce><DataProperties><lineage><Process ToolSource="C:\Program Files\ArcGIS\ArcToolbox\Toolboxes\Data Management Tools.tbx\DeleteField" Date="20100521" Time="114016">DeleteField parcel FID_1;TAG_1;LAST_ORG_1;CAPTURE__1;LAST_USE_1;EDIT_DAT_1;BLOCKNUM_1;PARCELNU_1;PIN_1;CNTGRAPH_1;BLOCKLOT_1;SUBTYPE__1;xcord;ycord parcel</Process></lineage></DataProperties><MetaID>{E5DEABB4-0B1E-489A-81ED-D5DC67C4F31F}</MetaID></Esri><idinfo><citation><citeinfo><onlink Sync="TRUE">\\Balt-gis01-srv\geodev\Data_Distribution\Web_Data\shp\parcel</onlink></citeinfo></citation></idinfo><distInfo><distributor><distorTran><onLineSrc><linkage Sync="TRUE">file://\\Balt-gis01-srv\geodev\Data_Distribution\Web_Data\shp\parcel</linkage><protocol Sync="TRUE">Local Area Network</protocol></onLineSrc></distorTran></distributor></distInfo><dataqual><lineage><procstep><procdesc Sync="TRUE">Dataset copied.</procdesc><srcused Sync="TRUE">N:\Agency_Projects\DPW\DPW_cadastral\parcel</srcused><procdate Sync="TRUE">20100521</procdate><proctime Sync="TRUE">14330300</proctime></procstep><procstep><procdesc Sync="TRUE">Dataset copied.</procdesc><srcused Sync="TRUE">M:\geodata\shape\Cadastral\parcel</srcused><procdate Sync="TRUE">20100907</procdate><proctime Sync="TRUE">10324400</proctime></procstep></lineage></dataqual></metadata>
