<?xml version="1.0"?>
<!--<!DOCTYPE metadata SYSTEM "http://www.esri.com/metadata/esriprof80.dtd">-->
<metadata xml:lang="en"><Esri><CreaDate>20100909</CreaDate><CreaTime>14574600</CreaTime><SyncOnce>FALSE</SyncOnce><SyncDate>20100909</SyncDate><SyncTime>14353000</SyncTime><ModDate>20100909</ModDate><ModTime>14353000</ModTime><DataProperties><lineage><Process ToolSource="C:\Program Files\ArcGIS\ArcToolbox\Toolboxes\Conversion Tools.tbx\FeatureClassToFeatureClass" Date="20100514" Time="173652">FeatureClassToFeatureClass D:\Francis\shp\STRUCTURE.shp E:\City_Of_Baltimore\Delivery_27April\Final_Delivery\14May2010\GDB\Baltimore_Final.gdb STRUCTURE # "OBJECTID_1 'OBJECTID_1' true true false 10 Double 0 10 ,First,#,D:\Francis\shp\STRUCTURE.shp,OBJECTID_1,-1,-1;OBJECTID 'OBJECTID' true true false 10 Double 0 10 ,First,#,D:\Francis\shp\STRUCTURE.shp,OBJECTID,-1,-1;TAG 'TAG' true true false 15 Text 0 0 ,First,#,D:\Francis\shp\STRUCTURE.shp,TAG,-1,-1;SUBTYPE 'SUBTYPE' true true false 6 Text 0 0 ,First,#,D:\Francis\shp\STRUCTURE.shp,SUBTYPE,-1,-1;SRCDATE 'SRCDATE' true true false 8 Date 0 0 ,First,#,D:\Francis\shp\STRUCTURE.shp,SRCDATE,-1,-1;SYMBOL 'SYMBOL' true true false 10 Double 0 10 ,First,#,D:\Francis\shp\STRUCTURE.shp,SYMBOL,-1,-1;Shape_Leng 'Shape_Leng' true true false 24 Double 0 0 ,First,#,D:\Francis\shp\STRUCTURE.shp,Shape_Leng,-1,-1;BUILDING_I 'BUILDING_I' true true false 24 Double 0 0 ,First,#,D:\Francis\shp\STRUCTURE.shp,BUILDING_I,-1,-1;AREA 'AREA' true true false 24 Double 0 0 ,First,#,D:\Francis\shp\STRUCTURE.shp,AREA,-1,-1;PERIMETER 'PERIMETER' true true false 24 Double 0 0 ,First,#,D:\Francis\shp\STRUCTURE.shp,PERIMETER,-1,-1;Shape_Le_1 'Shape_Le_1' true true false 24 Double 0 0 ,First,#,D:\Francis\shp\STRUCTURE.shp,Shape_Le_1,-1,-1;Shape_Area 'Shape_Area' true true false 24 Double 0 0 ,First,#,D:\Francis\shp\STRUCTURE.shp,Shape_Area,-1,-1" # E:\City_Of_Baltimore\Delivery_27April\Final_Delivery\14May2010\GDB\Baltimore_Final.gdb\STRUCTURE</Process><Process ToolSource="C:\Program Files\ArcGIS\ArcToolbox\Toolboxes\Conversion Tools.tbx\FeatureClassToFeatureClass" Date="20100909" Time="143701">FeatureClassToFeatureClass N:\Projects\Address_Database\Deliverables\20100514\Baltimore_Final.gdb\STRUCTURE N:\Data_Distribution\Web_Data\shp\Planimetric structure.shp # "OBJECTID_1 'OBJECTID_1' true true false 8 Double 0 0 ,First,#,N:\Projects\Address_Database\Deliverables\20100514\Baltimore_Final.gdb\STRUCTURE,OBJECTID_1,-1,-1;OBJECTID 'OBJECTID' true true false 8 Double 0 0 ,First,#,N:\Projects\Address_Database\Deliverables\20100514\Baltimore_Final.gdb\STRUCTURE,OBJECTID,-1,-1;TAG 'TAG' true true false 15 Text 0 0 ,First,#,N:\Projects\Address_Database\Deliverables\20100514\Baltimore_Final.gdb\STRUCTURE,TAG,-1,-1;SUBTYPE 'SUBTYPE' true true false 6 Text 0 0 ,First,#,N:\Projects\Address_Database\Deliverables\20100514\Baltimore_Final.gdb\STRUCTURE,SUBTYPE,-1,-1;SRCDATE 'SRCDATE' true true false 8 Date 0 0 ,First,#,N:\Projects\Address_Database\Deliverables\20100514\Baltimore_Final.gdb\STRUCTURE,SRCDATE,-1,-1;SYMBOL 'SYMBOL' true true false 8 Double 0 0 ,First,#,N:\Projects\Address_Database\Deliverables\20100514\Baltimore_Final.gdb\STRUCTURE,SYMBOL,-1,-1;Shape_Leng 'Shape_Leng' true true false 8 Double 0 0 ,First,#,N:\Projects\Address_Database\Deliverables\20100514\Baltimore_Final.gdb\STRUCTURE,Shape_Leng,-1,-1;BUILDING_I 'BUILDING_I' true true false 8 Double 0 0 ,First,#,N:\Projects\Address_Database\Deliverables\20100514\Baltimore_Final.gdb\STRUCTURE,BUILDING_I,-1,-1;AREA 'AREA' true true false 8 Double 0 0 ,First,#,N:\Projects\Address_Database\Deliverables\20100514\Baltimore_Final.gdb\STRUCTURE,AREA,-1,-1;PERIMETER 'PERIMETER' true true false 8 Double 0 0 ,First,#,N:\Projects\Address_Database\Deliverables\20100514\Baltimore_Final.gdb\STRUCTURE,PERIMETER,-1,-1;Shape_Le_1 'Shape_Le_1' true true false 8 Double 0 0 ,First,#,N:\Projects\Address_Database\Deliverables\20100514\Baltimore_Final.gdb\STRUCTURE,Shape_Le_1,-1,-1;Shape_Le_2 'Shape_Length' false true true 8 Double 0 0 ,First,#,N:\Projects\Address_Database\Deliverables\20100514\Baltimore_Final.gdb\STRUCTURE,Shape_Length,-1,-1;Shape_Area 'Shape_Area' false true true 8 Double 0 0 ,First,#,N:\Projects\Address_Database\Deliverables\20100514\Baltimore_Final.gdb\STRUCTURE,Shape_Area,-1,-1" # N:\Data_Distribution\Web_Data\shp\Planimetric\structure.shp</Process></lineage></DataProperties><MetaID>{CCDE49E0-C13A-4E04-9831-5EA10766A7A0}</MetaID></Esri><idinfo><native Sync="TRUE">Microsoft Windows XP Version 5.1 (Build 2600) Service Pack 3; ESRI ArcCatalog 9.3.1.3000</native><descript><langdata Sync="TRUE">en</langdata><abstract>REQUIRED: A brief narrative summary of the data set.</abstract><purpose>REQUIRED: A summary of the intentions with which the data set was developed.</purpose></descript><citation><citeinfo><origin>REQUIRED: The name of an organization or individual that developed the data set.</origin><pubdate>REQUIRED: The date when the data set is published or otherwise made available for release.</pubdate><title Sync="TRUE">structure</title><ftname Sync="TRUE">structure</ftname><geoform Sync="TRUE">vector digital data</geoform><onlink Sync="TRUE"></onlink></citeinfo></citation><timeperd><current>REQUIRED: The basis on which the time period of content information is determined.</current><timeinfo><sngdate><caldate>REQUIRED: The year (and optionally month, or month and day) for which the data set corresponds to the ground.</caldate></sngdate></timeinfo></timeperd><status><progress>REQUIRED: The state of the data set.</progress><update>REQUIRED: The frequency with which changes and additions are made to the data set after the initial data set is completed.</update></status><spdom><bounding><westbc Sync="TRUE">REQUIRED: Western-most coordinate of the limit of coverage expressed in longitude.</westbc><eastbc Sync="TRUE">REQUIRED: Eastern-most coordinate of the limit of coverage expressed in longitude.</eastbc><northbc Sync="TRUE">REQUIRED: Northern-most coordinate of the limit of coverage expressed in latitude.</northbc><southbc Sync="TRUE">REQUIRED: Southern-most coordinate of the limit of coverage expressed in latitude.</southbc></bounding></spdom><keywords><theme><themekt>REQUIRED: Reference to a formally registered thesaurus or a similar authoritative source of theme keywords.</themekt><themekey>REQUIRED: Common-use word or phrase used to describe the subject of the data set.</themekey></theme></keywords><accconst>REQUIRED: Restrictions and legal prerequisites for accessing the data set.</accconst><useconst>REQUIRED: Restrictions and legal prerequisites for using the data set after access is granted.</useconst><natvform Sync="TRUE">Shapefile</natvform></idinfo><dataIdInfo><envirDesc Sync="TRUE">Microsoft Windows XP Version 5.1 (Build 2600) Service Pack 3; ESRI ArcCatalog 9.3.1.3000</envirDesc><dataLang><languageCode Sync="TRUE" value="en"></languageCode></dataLang><idCitation><resTitle Sync="TRUE">structure</resTitle><presForm><PresFormCd Sync="TRUE" value="005"></PresFormCd></presForm></idCitation><spatRpType><SpatRepTypCd Sync="TRUE" value="001"></SpatRepTypCd></spatRpType></dataIdInfo><metainfo><langmeta Sync="TRUE">en</langmeta><metstdn Sync="TRUE">FGDC Content Standards for Digital Geospatial Metadata</metstdn><metstdv Sync="TRUE">FGDC-STD-001-1998</metstdv><mettc Sync="TRUE">local time</mettc><metc><cntinfo><cntorgp><cntper>REQUIRED: The person responsible for the metadata information.</cntper><cntorg>REQUIRED: The organization responsible for the metadata information.</cntorg></cntorgp><cntaddr><addrtype>REQUIRED: The mailing and/or physical address for the organization or individual.</addrtype><city>REQUIRED: The city of the address.</city><state>REQUIRED: The state or province of the address.</state><postal>REQUIRED: The ZIP or other postal code of the address.</postal></cntaddr><cntvoice>REQUIRED: The telephone number by which individuals can speak to the organization or individual.</cntvoice></cntinfo></metc><metd Sync="TRUE">20100909</metd><metextns><onlink Sync="TRUE">http://www.esri.com/metadata/esriprof80.html</onlink><metprof Sync="TRUE">ESRI Metadata Profile</metprof></metextns></metainfo><mdLang><languageCode Sync="TRUE" value="en"></languageCode></mdLang><mdStanName Sync="TRUE">ISO 19115 Geographic Information - Metadata</mdStanName><mdStanVer Sync="TRUE">DIS_ESRI1.0</mdStanVer><mdChar><CharSetCd Sync="TRUE" value="004"></CharSetCd></mdChar><mdHrLv><ScopeCd Sync="TRUE" value="005"></ScopeCd></mdHrLv><mdHrLvName Sync="TRUE">dataset</mdHrLvName><distinfo><resdesc Sync="TRUE">Downloadable Data</resdesc><stdorder><digform><digtinfo><transize Sync="TRUE">0.000</transize><dssize Sync="TRUE">0.000</dssize></digtinfo></digform></stdorder></distinfo><distInfo><distributor><distorTran><onLineSrc><orDesc Sync="TRUE">002</orDesc><linkage Sync="TRUE">file://</linkage><protocol Sync="TRUE">Local Area Network</protocol></onLineSrc><transSize Sync="TRUE">0.000</transSize></distorTran><distorFormat><formatName Sync="TRUE">Shapefile</formatName></distorFormat></distributor></distInfo><spdoinfo><direct Sync="TRUE">Vector</direct><ptvctinf><esriterm Name="structure"><efeatyp Sync="TRUE">Simple</efeatyp><efeageom Sync="TRUE">Polygon</efeageom><esritopo Sync="TRUE">FALSE</esritopo><efeacnt Sync="TRUE">0</efeacnt><spindex Sync="TRUE">FALSE</spindex><linrefer Sync="TRUE">FALSE</linrefer></esriterm><sdtsterm Name="structure"><sdtstype Sync="TRUE">G-polygon</sdtstype><ptvctcnt Sync="TRUE">0</ptvctcnt></sdtsterm></ptvctinf></spdoinfo><spatRepInfo><VectSpatRep><topLvl><TopoLevCd Sync="TRUE" value="001"></TopoLevCd></topLvl><geometObjs Name="structure"><geoObjTyp><GeoObjTypCd Sync="TRUE" value="001"></GeoObjTypCd></geoObjTyp><geoObjCnt Sync="TRUE">0</geoObjCnt></geometObjs></VectSpatRep></spatRepInfo><eainfo><detailed Name="structure"><enttyp><enttypl Sync="TRUE">structure</enttypl><enttypt Sync="TRUE">Feature Class</enttypt><enttypc Sync="TRUE">0</enttypc></enttyp><attr><attrlabl Sync="TRUE">FID</attrlabl><attalias Sync="TRUE">FID</attalias><attrtype Sync="TRUE">OID</attrtype><attwidth Sync="TRUE">4</attwidth><atprecis Sync="TRUE">0</atprecis><attscale Sync="TRUE">0</attscale><attrdef Sync="TRUE">Internal feature number.</attrdef><attrdefs Sync="TRUE">ESRI</attrdefs><attrdomv><udom Sync="TRUE">Sequential unique whole numbers that are automatically generated.</udom></attrdomv></attr><attr><attrlabl Sync="TRUE">Shape</attrlabl><attalias Sync="TRUE">Shape</attalias><attrtype Sync="TRUE">Geometry</attrtype><attwidth Sync="TRUE">0</attwidth><atprecis Sync="TRUE">0</atprecis><attscale Sync="TRUE">0</attscale><attrdef Sync="TRUE">Feature geometry.</attrdef><attrdefs Sync="TRUE">ESRI</attrdefs><attrdomv><udom Sync="TRUE">Coordinates defining the features.</udom></attrdomv></attr><attr><attrlabl Sync="TRUE">OBJECTID_1</attrlabl><attalias Sync="TRUE">OBJECTID_1</attalias><attrtype Sync="TRUE">Float</attrtype><attwidth Sync="TRUE">19</attwidth><atnumdec Sync="TRUE">11</atnumdec></attr><attr><attrlabl Sync="TRUE">OBJECTID</attrlabl><attalias Sync="TRUE">OBJECTID</attalias><attrtype Sync="TRUE">Float</attrtype><attwidth Sync="TRUE">19</attwidth><atnumdec Sync="TRUE">11</atnumdec></attr><attr><attrlabl Sync="TRUE">TAG</attrlabl><attalias Sync="TRUE">TAG</attalias><attrtype Sync="TRUE">String</attrtype><attwidth Sync="TRUE">15</attwidth></attr><attr><attrlabl Sync="TRUE">SUBTYPE</attrlabl><attalias Sync="TRUE">SUBTYPE</attalias><attrtype Sync="TRUE">String</attrtype><attwidth Sync="TRUE">6</attwidth></attr><attr><attrlabl Sync="TRUE">SRCDATE</attrlabl><attalias Sync="TRUE">SRCDATE</attalias><attrtype Sync="TRUE">Date</attrtype><attwidth Sync="TRUE">8</attwidth></attr><attr><attrlabl Sync="TRUE">SYMBOL</attrlabl><attalias Sync="TRUE">SYMBOL</attalias><attrtype Sync="TRUE">Float</attrtype><attwidth Sync="TRUE">19</attwidth><atnumdec Sync="TRUE">11</atnumdec></attr><attr><attrlabl Sync="TRUE">Shape_Leng</attrlabl><attalias Sync="TRUE">Shape_Leng</attalias><attrtype Sync="TRUE">Float</attrtype><attwidth Sync="TRUE">19</attwidth><atnumdec Sync="TRUE">11</atnumdec></attr><attr><attrlabl Sync="TRUE">BUILDING_I</attrlabl><attalias Sync="TRUE">BUILDING_I</attalias><attrtype Sync="TRUE">Float</attrtype><attwidth Sync="TRUE">19</attwidth><atnumdec Sync="TRUE">11</atnumdec></attr><attr><attrlabl Sync="TRUE">AREA</attrlabl><attalias Sync="TRUE">AREA</attalias><attrtype Sync="TRUE">Float</attrtype><attwidth Sync="TRUE">19</attwidth><atnumdec Sync="TRUE">11</atnumdec></attr><attr><attrlabl Sync="TRUE">PERIMETER</attrlabl><attalias Sync="TRUE">PERIMETER</attalias><attrtype Sync="TRUE">Float</attrtype><attwidth Sync="TRUE">19</attwidth><atnumdec Sync="TRUE">11</atnumdec></attr><attr><attrlabl Sync="TRUE">Shape_Le_1</attrlabl><attalias Sync="TRUE">Shape_Le_1</attalias><attrtype Sync="TRUE">Float</attrtype><attwidth Sync="TRUE">19</attwidth><atnumdec Sync="TRUE">11</atnumdec></attr><attr><attrlabl Sync="TRUE">Shape_Le_2</attrlabl><attalias Sync="TRUE">Shape_Le_2</attalias><attrtype Sync="TRUE">Float</attrtype><attwidth Sync="TRUE">19</attwidth><atnumdec Sync="TRUE">11</atnumdec></attr><attr><attrlabl Sync="TRUE">Shape_Area</attrlabl><attalias Sync="TRUE">Shape_Area</attalias><attrtype Sync="TRUE">Float</attrtype><attwidth Sync="TRUE">19</attwidth><attrdef Sync="TRUE">Area of feature in internal units squared.</attrdef><attrdefs Sync="TRUE">ESRI</attrdefs><attrdomv><udom Sync="TRUE">Positive real numbers that are automatically generated.</udom></attrdomv><atnumdec Sync="TRUE">11</atnumdec></attr></detailed></eainfo><mdDateSt Sync="TRUE">20100909</mdDateSt><spref><horizsys><cordsysn><geogcsn Sync="TRUE">GCS_North_American_1983</geogcsn><projcsn Sync="TRUE">NAD_1983_StatePlane_Maryland_FIPS_1900_Feet</projcsn></cordsysn><planar><mapproj><mapprojn Sync="TRUE">Lambert Conformal Conic</mapprojn><lambertc><stdparll Sync="TRUE">38.300000</stdparll><stdparll Sync="TRUE">39.450000</stdparll><longcm Sync="TRUE">-77.000000</longcm><latprjo Sync="TRUE">37.666667</latprjo><feast Sync="TRUE">1312333.333333</feast><fnorth Sync="TRUE">0.000000</fnorth></lambertc></mapproj><planci><plance Sync="TRUE">coordinate pair</plance><plandu Sync="TRUE">survey feet</plandu><coordrep><absres Sync="TRUE">0.000000</absres><ordres Sync="TRUE">0.000000</ordres></coordrep></planci></planar><geodetic><horizdn Sync="TRUE">North American Datum of 1983</horizdn><ellips Sync="TRUE">Geodetic Reference System 80</ellips><semiaxis Sync="TRUE">6378137.000000</semiaxis><denflat Sync="TRUE">298.257222</denflat></geodetic></horizsys></spref><refSysInfo><RefSystem><refSysID><identCode Sync="TRUE">NAD_1983_StatePlane_Maryland_FIPS_1900_Feet</identCode></refSysID></RefSystem></refSysInfo><dataqual><lineage><procstep><procdesc Sync="TRUE">Dataset copied.</procdesc><srcused Sync="TRUE"></srcused><procdate Sync="TRUE">20100909</procdate><proctime Sync="TRUE">14574600</proctime></procstep></lineage></dataqual></metadata>
